Region Number,Region Range,Region Score
1,"(0, 2999)",0.29325
2,"(3000, 5999)",0.018
3,"(6000, 8999)",0.03
4,"(9000, 11999)",0.022000000000000002
5,"(12000, 14999)",0.00375
6,"(15000, 17999)",0.01125
7,"(18000, 20999)",0.0
8,"(21000, 23999)",0.0
9,"(24000, 26999)",0.0
10,"(27000, 29999)",0.08499999999999999
